dataset,checkpoint,split,scope,client_id,count,mean,std,min,p50,p90,p95,p99,max,checkpoint_file,config
CIFAR10,final_latest,clean_test,all_client_positions,all,30000,25.6761,65.3856,4.30267e-05,2.61817,72.4716,135.983,336.875,1098.25,latest_checkpoint.pth.tar,configs/avguard/stage3_gamma_sensitivity_3clients_noema/CIFAR10_3clients_noema_gamma_2.0.json
CIFAR10,final_latest,clean_test,remaining_client_positions,all,8552,2.32768,10.9912,6.4407e-05,0.551196,3.93267,7.90853,31.9535,566.946,latest_checkpoint.pth.tar,configs/avguard/stage3_gamma_sensitivity_3clients_noema/CIFAR10_3clients_noema_gamma_2.0.json
CIFAR10,final_latest,clean_test,all_client_positions,0,10000,31.3409,86.6157,0.000176415,2.1988,85.2935,188.289,445.489,1098.25,latest_checkpoint.pth.tar,configs/avguard/stage3_gamma_sensitivity_3clients_noema/CIFAR10_3clients_noema_gamma_2.0.json
CIFAR10,final_latest,clean_test,remaining_client_positions,0,3099,2.88731,16.1321,0.000176415,0.546679,4.08738,8.77241,43.6204,566.946,latest_checkpoint.pth.tar,configs/avguard/stage3_gamma_sensitivity_3clients_noema/CIFAR10_3clients_noema_gamma_2.0.json
CIFAR10,final_latest,clean_test,all_client_positions,1,10000,32.0639,65.0006,4.30267e-05,4.41918,102.882,169.431,324.586,521.769,latest_checkpoint.pth.tar,configs/avguard/stage3_gamma_sensitivity_3clients_noema/CIFAR10_3clients_noema_gamma_2.0.json
CIFAR10,final_latest,clean_test,remaining_client_positions,1,2061,1.87215,6.35911,0.000106071,0.56888,3.55315,6.00218,22.3603,185.941,latest_checkpoint.pth.tar,configs/avguard/stage3_gamma_sensitivity_3clients_noema/CIFAR10_3clients_noema_gamma_2.0.json
CIFAR10,final_latest,clean_test,all_client_positions,2,10000,13.6235,29.6701,6.4407e-05,1.96838,41.5251,69.2746,143.231,358.749,latest_checkpoint.pth.tar,configs/avguard/stage3_gamma_sensitivity_3clients_noema/CIFAR10_3clients_noema_gamma_2.0.json
CIFAR10,final_latest,clean_test,remaining_client_positions,2,3392,2.09319,6.46346,6.4407e-05,0.548696,4.03371,8.01502,30.201,115.885,latest_checkpoint.pth.tar,configs/avguard/stage3_gamma_sensitivity_3clients_noema/CIFAR10_3clients_noema_gamma_2.0.json
CIFAR10,final_latest,poison_test,all_client_positions,all,30000,34.9939,63.6649,4.30267e-05,14.8475,66.8317,130.313,336.875,1098.25,latest_checkpoint.pth.tar,configs/avguard/stage3_gamma_sensitivity_3clients_noema/CIFAR10_3clients_noema_gamma_2.0.json
CIFAR10,final_latest,poison_test,remaining_client_positions,all,16008,20.4321,36.2091,6.4407e-05,3.77115,48.8133,57.3235,128.056,999.609,latest_checkpoint.pth.tar,configs/avguard/stage3_gamma_sensitivity_3clients_noema/CIFAR10_3clients_noema_gamma_2.0.json
CIFAR10,final_latest,poison_test,all_client_positions,0,10000,31.3409,86.6157,0.000176415,2.1988,85.2935,188.289,445.489,1098.25,latest_checkpoint.pth.tar,configs/avguard/stage3_gamma_sensitivity_3clients_noema/CIFAR10_3clients_noema_gamma_2.0.json
CIFAR10,final_latest,poison_test,remaining_client_positions,0,5602,9.64764,46.7686,0.000176415,0.925856,12.5587,30.8701,222.619,999.609,latest_checkpoint.pth.tar,configs/avguard/stage3_gamma_sensitivity_3clients_noema/CIFAR10_3clients_noema_gamma_2.0.json
CIFAR10,final_latest,poison_test,all_client_positions,1,10000,32.0639,65.0006,4.30267e-05,4.41918,102.882,169.431,324.586,521.769,latest_checkpoint.pth.tar,configs/avguard/stage3_gamma_sensitivity_3clients_noema/CIFAR10_3clients_noema_gamma_2.0.json
CIFAR10,final_latest,poison_test,remaining_client_positions,1,5049,9.85956,28.713,0.000106071,1.56221,21.0023,46.7992,149.515,453.772,latest_checkpoint.pth.tar,configs/avguard/stage3_gamma_sensitivity_3clients_noema/CIFAR10_3clients_noema_gamma_2.0.json
CIFAR10,final_latest,poison_test,all_client_positions,2,10000,41.5768,19.1577,6.4407e-05,41.7,55.7119,61.8992,86.9117,358.749,latest_checkpoint.pth.tar,configs/avguard/stage3_gamma_sensitivity_3clients_noema/CIFAR10_3clients_noema_gamma_2.0.json
CIFAR10,final_latest,poison_test,remaining_client_positions,2,5357,41.6746,13.2396,6.4407e-05,42.0159,55.259,60.7493,74.0564,140.018,latest_checkpoint.pth.tar,configs/avguard/stage3_gamma_sensitivity_3clients_noema/CIFAR10_3clients_noema_gamma_2.0.json
CIFAR10,best_checkpoint,clean_test,all_client_positions,all,30000,6.30233,15.0738,1.27555e-05,1.25952,16.2694,31.0391,77.1914,269.854,best_checkpoint.pth.tar,configs/avguard/stage3_gamma_sensitivity_3clients_noema/CIFAR10_3clients_noema_gamma_2.0.json
CIFAR10,best_checkpoint,clean_test,remaining_client_positions,all,10044,1.03874,2.45887,1.27555e-05,0.416382,2.32531,3.69865,9.33261,76.4233,best_checkpoint.pth.tar,configs/avguard/stage3_gamma_sensitivity_3clients_noema/CIFAR10_3clients_noema_gamma_2.0.json
CIFAR10,best_checkpoint,clean_test,all_client_positions,0,10000,6.63687,17.6005,1.27555e-05,1.24832,16.0743,30.5422,88.8291,269.854,best_checkpoint.pth.tar,configs/avguard/stage3_gamma_sensitivity_3clients_noema/CIFAR10_3clients_noema_gamma_2.0.json
CIFAR10,best_checkpoint,clean_test,remaining_client_positions,0,3431,1.23001,2.93042,1.27555e-05,0.465356,2.70598,4.49128,13.4184,74.1972,best_checkpoint.pth.tar,configs/avguard/stage3_gamma_sensitivity_3clients_noema/CIFAR10_3clients_noema_gamma_2.0.json
CIFAR10,best_checkpoint,clean_test,all_client_positions,1,10000,9.27607,17.7331,0.00018526,2.04414,28.7639,47.2993,87.0322,192.923,best_checkpoint.pth.tar,configs/avguard/stage3_gamma_sensitivity_3clients_noema/CIFAR10_3clients_noema_gamma_2.0.json
CIFAR10,best_checkpoint,clean_test,remaining_client_positions,1,2575,1.0557,2.52578,0.00018526,0.448678,2.31372,3.66093,9.72468,76.4233,best_checkpoint.pth.tar,configs/avguard/stage3_gamma_sensitivity_3clients_noema/CIFAR10_3clients_noema_gamma_2.0.json
CIFAR10,best_checkpoint,clean_test,all_client_positions,2,10000,2.99406,6.12559,4.5964e-05,0.822002,8.15149,13.5096,29.8781,93.545,best_checkpoint.pth.tar,configs/avguard/stage3_gamma_sensitivity_3clients_noema/CIFAR10_3clients_noema_gamma_2.0.json
CIFAR10,best_checkpoint,clean_test,remaining_client_positions,2,4038,0.865415,1.90073,7.84679e-05,0.36592,2.02372,3.10998,7.20765,52.4311,best_checkpoint.pth.tar,configs/avguard/stage3_gamma_sensitivity_3clients_noema/CIFAR10_3clients_noema_gamma_2.0.json
CIFAR10,best_checkpoint,poison_test,all_client_positions,all,30000,9.20416,14.7905,1.27555e-05,4.68196,17.2882,29.6151,76.4277,269.854,best_checkpoint.pth.tar,configs/avguard/stage3_gamma_sensitivity_3clients_noema/CIFAR10_3clients_noema_gamma_2.0.json
CIFAR10,best_checkpoint,poison_test,remaining_client_positions,all,17524,6.75329,15.4856,1.27555e-05,1.4706,15.5102,27.8595,80.8945,269.854,best_checkpoint.pth.tar,configs/avguard/stage3_gamma_sensitivity_3clients_noema/CIFAR10_3clients_noema_gamma_2.0.json
CIFAR10,best_checkpoint,poison_test,all_client_positions,0,10000,6.63687,17.6005,1.27555e-05,1.24832,16.0743,30.5422,88.8291,269.854,best_checkpoint.pth.tar,configs/avguard/stage3_gamma_sensitivity_3clients_noema/CIFAR10_3clients_noema_gamma_2.0.json
CIFAR10,best_checkpoint,poison_test,remaining_client_positions,0,7850,5.46913,16.5674,1.27555e-05,1.00493,11.272,23.393,84.8067,269.854,best_checkpoint.pth.tar,configs/avguard/stage3_gamma_sensitivity_3clients_noema/CIFAR10_3clients_noema_gamma_2.0.json
CIFAR10,best_checkpoint,poison_test,all_client_positions,1,10000,9.27607,17.7331,0.00018526,2.04414,28.7639,47.2993,87.0322,192.923,best_checkpoint.pth.tar,configs/avguard/stage3_gamma_sensitivity_3clients_noema/CIFAR10_3clients_noema_gamma_2.0.json
CIFAR10,best_checkpoint,poison_test,remaining_client_positions,1,7743,7.19883,15.9041,0.00018526,1.50002,18.9883,37.2468,82.6129,192.923,best_checkpoint.pth.tar,configs/avguard/stage3_gamma_sensitivity_3clients_noema/CIFAR10_3clients_noema_gamma_2.0.json
CIFAR10,best_checkpoint,poison_test,all_client_positions,2,10000,11.6995,4.38301,0.00107889,12.3105,16.0275,17.1994,20.7523,48.7252,best_checkpoint.pth.tar,configs/avguard/stage3_gamma_sensitivity_3clients_noema/CIFAR10_3clients_noema_gamma_2.0.json
CIFAR10,best_checkpoint,poison_test,remaining_client_positions,2,1931,10.1872,5.1838,0.00393898,11.5466,15.6103,16.3753,19.2772,22.522,best_checkpoint.pth.tar,configs/avguard/stage3_gamma_sensitivity_3clients_noema/CIFAR10_3clients_noema_gamma_2.0.json
PHISHING,final_latest,clean_test,all_client_positions,all,53190,25697.4,159094,1.19209e-07,5272.63,36558.5,73124.2,308374,2.15728e+07,latest_checkpoint.pth.tar,configs/avguard/stage3_gamma_sensitivity_3clients_noema/PHISHING_3clients_noema_gamma_2.0.json
PHISHING,final_latest,clean_test,remaining_client_positions,all,3572,1962.43,33492.1,1.19209e-07,4.08841,173.195,5272.63,31242,1.93732e+06,latest_checkpoint.pth.tar,configs/avguard/stage3_gamma_sensitivity_3clients_noema/PHISHING_3clients_noema_gamma_2.0.json
PHISHING,final_latest,clean_test,all_client_positions,0,17730,54750.9,198268,0.000538317,9142.44,96304.7,224775,1.87703e+06,1.93732e+06,latest_checkpoint.pth.tar,configs/avguard/stage3_gamma_sensitivity_3clients_noema/PHISHING_3clients_noema_gamma_2.0.json
PHISHING,final_latest,clean_test,remaining_client_positions,0,1091,5321.82,60291.5,0.000635714,3.03168,1768.58,23910.5,98792.5,1.93732e+06,latest_checkpoint.pth.tar,configs/avguard/stage3_gamma_sensitivity_3clients_noema/PHISHING_3clients_noema_gamma_2.0.json
PHISHING,final_latest,clean_test,all_client_positions,1,17730,4049.92,8100.64,0.0111457,5272.63,5272.63,5272.63,32128.8,416012,latest_checkpoint.pth.tar,configs/avguard/stage3_gamma_sensitivity_3clients_noema/PHISHING_3clients_noema_gamma_2.0.json
PHISHING,final_latest,clean_test,remaining_client_positions,1,1425,329.84,1208.7,0.0111457,5.08528,112.354,5272.63,5272.63,5272.63,latest_checkpoint.pth.tar,configs/avguard/stage3_gamma_sensitivity_3clients_noema/PHISHING_3clients_noema_gamma_2.0.json
PHISHING,final_latest,clean_test,all_client_positions,2,17730,18291.3,187588,1.19209e-07,28328.4,28328.4,28328.4,28328.4,2.15728e+07,latest_checkpoint.pth.tar,configs/avguard/stage3_gamma_sensitivity_3clients_noema/PHISHING_3clients_noema_gamma_2.0.json
PHISHING,final_latest,clean_test,remaining_client_positions,2,1056,694.769,4463.54,1.19209e-07,3.4772,52.9644,175.243,28328.4,63126.3,latest_checkpoint.pth.tar,configs/avguard/stage3_gamma_sensitivity_3clients_noema/PHISHING_3clients_noema_gamma_2.0.json
PHISHING,final_latest,poison_test,all_client_positions,all,53190,27926.5,116561,1.19209e-07,5272.63,36558.5,73124.2,308374,1.93732e+06,latest_checkpoint.pth.tar,configs/avguard/stage3_gamma_sensitivity_3clients_noema/PHISHING_3clients_noema_gamma_2.0.json
PHISHING,final_latest,poison_test,remaining_client_positions,all,12145,15434.2,33255.5,1.19209e-07,340.611,51218,87541.6,112578,1.93732e+06,latest_checkpoint.pth.tar,configs/avguard/stage3_gamma_sensitivity_3clients_noema/PHISHING_3clients_noema_gamma_2.0.json
PHISHING,final_latest,poison_test,all_client_positions,0,17730,54750.9,198268,0.000538317,9142.44,96304.7,224775,1.87703e+06,1.93732e+06,latest_checkpoint.pth.tar,configs/avguard/stage3_gamma_sensitivity_3clients_noema/PHISHING_3clients_noema_gamma_2.0.json
PHISHING,final_latest,poison_test,remaining_client_positions,0,5266,28384.9,44811.7,0.00154323,12057.7,92410,109462,113359,1.93732e+06,latest_checkpoint.pth.tar,configs/avguard/stage3_gamma_sensitivity_3clients_noema/PHISHING_3clients_noema_gamma_2.0.json
PHISHING,final_latest,poison_test,all_client_positions,1,17730,4049.92,8100.64,0.0111457,5272.63,5272.63,5272.63,32128.8,416012,latest_checkpoint.pth.tar,configs/avguard/stage3_gamma_sensitivity_3clients_noema/PHISHING_3clients_noema_gamma_2.0.json
PHISHING,final_latest,poison_test,remaining_client_positions,1,5470,2961.3,12413.2,0.0246636,55.4312,5442.34,16257,50793.3,416012,latest_checkpoint.pth.tar,configs/avguard/stage3_gamma_sensitivity_3clients_noema/PHISHING_3clients_noema_gamma_2.0.json
PHISHING,final_latest,poison_test,all_client_positions,2,17730,24978.6,9220.45,1.19209e-07,28328.4,28328.4,28328.4,28328.4,78653.6,latest_checkpoint.pth.tar,configs/avguard/stage3_gamma_sensitivity_3clients_noema/PHISHING_3clients_noema_gamma_2.0.json
PHISHING,final_latest,poison_test,remaining_client_positions,2,1409,15454.3,14092.3,1.19209e-07,28328.4,28328.4,28328.4,28328.4,28328.4,latest_checkpoint.pth.tar,configs/avguard/stage3_gamma_sensitivity_3clients_noema/PHISHING_3clients_noema_gamma_2.0.json
PHISHING,best_checkpoint,clean_test,all_client_positions,all,53190,26528.2,145089,1.19209e-07,3618.17,35252.7,67856.7,334944,2.82165e+06,best_checkpoint.pth.tar,configs/avguard/stage3_gamma_sensitivity_3clients_noema/PHISHING_3clients_noema_gamma_2.0.json
PHISHING,best_checkpoint,clean_test,remaining_client_positions,all,3535,1231.7,9617.86,1.19209e-07,4.06591,163.369,3618.17,28328.4,392714,best_checkpoint.pth.tar,configs/avguard/stage3_gamma_sensitivity_3clients_noema/PHISHING_3clients_noema_gamma_2.0.json
PHISHING,best_checkpoint,clean_test,all_client_positions,0,17730,59758.5,246186,0.0003151,9212.48,99285.6,188299,2.37669e+06,2.82165e+06,best_checkpoint.pth.tar,configs/avguard/stage3_gamma_sensitivity_3clients_noema/PHISHING_3clients_noema_gamma_2.0.json
PHISHING,best_checkpoint,clean_test,remaining_client_positions,0,1087,3069.61,16714.7,0.0003151,2.91236,1934.43,17082.5,82399.2,392714,best_checkpoint.pth.tar,configs/avguard/stage3_gamma_sensitivity_3clients_noema/PHISHING_3clients_noema_gamma_2.0.json
PHISHING,best_checkpoint,clean_test,all_client_positions,1,17730,3534.49,11820.9,0.00103519,3618.17,3618.17,5550.18,37277.5,990976,best_checkpoint.pth.tar,configs/avguard/stage3_gamma_sensitivity_3clients_noema/PHISHING_3clients_noema_gamma_2.0.json
PHISHING,best_checkpoint,clean_test,remaining_client_positions,1,1408,287.01,1236.44,0.0124591,4.51144,110.342,3618.17,3618.17,21620.1,best_checkpoint.pth.tar,configs/avguard/stage3_gamma_sensitivity_3clients_noema/PHISHING_3clients_noema_gamma_2.0.json
PHISHING,best_checkpoint,clean_test,all_client_positions,2,17730,16291.5,25833.1,1.19209e-07,28328.4,28328.4,28328.4,28328.4,1.9234e+06,best_checkpoint.pth.tar,configs/avguard/stage3_gamma_sensitivity_3clients_noema/PHISHING_3clients_noema_gamma_2.0.json
PHISHING,best_checkpoint,clean_test,remaining_client_positions,2,1040,589.695,3898.12,1.19209e-07,3.35062,58.1392,198.85,28328.4,28328.4,best_checkpoint.pth.tar,configs/avguard/stage3_gamma_sensitivity_3clients_noema/PHISHING_3clients_noema_gamma_2.0.json
PHISHING,best_checkpoint,poison_test,all_client_positions,all,53190,29399.7,144272,1.19209e-07,3870.98,35252.7,67856.7,334944,2.82165e+06,best_checkpoint.pth.tar,configs/avguard/stage3_gamma_sensitivity_3clients_noema/PHISHING_3clients_noema_gamma_2.0.json
PHISHING,best_checkpoint,poison_test,remaining_client_positions,all,12098,13450.8,26823.1,1.19209e-07,304.251,39907.2,73963.5,111728,990976,best_checkpoint.pth.tar,configs/avguard/stage3_gamma_sensitivity_3clients_noema/PHISHING_3clients_noema_gamma_2.0.json
PHISHING,best_checkpoint,poison_test,all_client_positions,0,17730,59758.5,246186,0.0003151,9212.48,99285.6,188299,2.37669e+06,2.82165e+06,best_checkpoint.pth.tar,configs/avguard/stage3_gamma_sensitivity_3clients_noema/PHISHING_3clients_noema_gamma_2.0.json
PHISHING,best_checkpoint,poison_test,remaining_client_positions,0,5191,23012.8,32393.2,0.00490155,7623.26,78686.4,101935,113267,392714,best_checkpoint.pth.tar,configs/avguard/stage3_gamma_sensitivity_3clients_noema/PHISHING_3clients_noema_gamma_2.0.json
PHISHING,best_checkpoint,poison_test,all_client_positions,1,17730,3534.49,11820.9,0.00103519,3618.17,3618.17,5550.18,37277.5,990976,best_checkpoint.pth.tar,configs/avguard/stage3_gamma_sensitivity_3clients_noema/PHISHING_3clients_noema_gamma_2.0.json
PHISHING,best_checkpoint,poison_test,remaining_client_positions,1,5448,3592.1,18947,0.0141696,47.0671,7430.17,18447.7,62085,990976,best_checkpoint.pth.tar,configs/avguard/stage3_gamma_sensitivity_3clients_noema/PHISHING_3clients_noema_gamma_2.0.json
PHISHING,best_checkpoint,poison_test,all_client_positions,2,17730,24906.2,9211.27,1.19209e-07,28328.4,28328.4,28328.4,28328.4,72297,best_checkpoint.pth.tar,configs/avguard/stage3_gamma_sensitivity_3clients_noema/PHISHING_3clients_noema_gamma_2.0.json
PHISHING,best_checkpoint,poison_test,remaining_client_positions,2,1459,16242.9,14000.1,1.19209e-07,28328.4,28328.4,28328.4,28328.4,28328.4,best_checkpoint.pth.tar,configs/avguard/stage3_gamma_sensitivity_3clients_noema/PHISHING_3clients_noema_gamma_2.0.json
IEEE_CIS_FRAUD,final_latest,clean_test,all_client_positions,all,37194,2473.34,51287,0.000255171,37.1594,765.715,2640.77,34659.1,7.59775e+06,latest_checkpoint.pth.tar,configs/avguard/stage3_gamma_sensitivity_3clients_noema/IEEE_CIS_FRAUD_3clients_noema_gamma_2.0.json
IEEE_CIS_FRAUD,final_latest,clean_test,remaining_client_positions,all,4917,182.288,4402.59,0.000718762,4.89638,51.0226,127.71,358.789,137475,latest_checkpoint.pth.tar,configs/avguard/stage3_gamma_sensitivity_3clients_noema/IEEE_CIS_FRAUD_3clients_noema_gamma_2.0.json
IEEE_CIS_FRAUD,final_latest,clean_test,all_client_positions,0,12398,5954.61,87990.4,0.000318247,81.6371,2755.82,9853.51,106319,7.59775e+06,latest_checkpoint.pth.tar,configs/avguard/stage3_gamma_sensitivity_3clients_noema/IEEE_CIS_FRAUD_3clients_noema_gamma_2.0.json
IEEE_CIS_FRAUD,final_latest,clean_test,remaining_client_positions,0,659,109.929,1157.41,0.0011857,1.83051,16.2841,50.5984,1441.53,23229.6,latest_checkpoint.pth.tar,configs/avguard/stage3_gamma_sensitivity_3clients_noema/IEEE_CIS_FRAUD_3clients_noema_gamma_2.0.json
IEEE_CIS_FRAUD,final_latest,clean_test,all_client_positions,1,12398,179.773,723.296,0.00321984,23.1266,206.539,856.394,3394.9,21573.5,latest_checkpoint.pth.tar,configs/avguard/stage3_gamma_sensitivity_3clients_noema/IEEE_CIS_FRAUD_3clients_noema_gamma_2.0.json
IEEE_CIS_FRAUD,final_latest,clean_test,remaining_client_positions,1,2071,28.4432,144.281,0.00652744,7.92022,37.0373,71.8626,191.924,3579.45,latest_checkpoint.pth.tar,configs/avguard/stage3_gamma_sensitivity_3clients_noema/IEEE_CIS_FRAUD_3clients_noema_gamma_2.0.json
IEEE_CIS_FRAUD,final_latest,clean_test,all_client_positions,2,12398,1285.63,11377,0.000255171,43.4852,198.575,1063.35,18089.4,137475,latest_checkpoint.pth.tar,configs/avguard/stage3_gamma_sensitivity_3clients_noema/IEEE_CIS_FRAUD_3clients_noema_gamma_2.0.json
IEEE_CIS_FRAUD,final_latest,clean_test,remaining_client_positions,2,2187,349.776,6565.26,0.000718762,6.72114,80.0125,159.397,309.688,137475,latest_checkpoint.pth.tar,configs/avguard/stage3_gamma_sensitivity_3clients_noema/IEEE_CIS_FRAUD_3clients_noema_gamma_2.0.json
IEEE_CIS_FRAUD,final_latest,poison_test,all_client_positions,all,37194,12502.1,56787.5,0.000255171,69.1253,52727.6,61403.3,100902,7.59775e+06,latest_checkpoint.pth.tar,configs/avguard/stage3_gamma_sensitivity_3clients_noema/IEEE_CIS_FRAUD_3clients_noema_gamma_2.0.json
IEEE_CIS_FRAUD,final_latest,poison_test,remaining_client_positions,all,18200,2281.89,21729.8,0.000318247,23.1266,664.225,2814.45,52727.6,690262,latest_checkpoint.pth.tar,configs/avguard/stage3_gamma_sensitivity_3clients_noema/IEEE_CIS_FRAUD_3clients_noema_gamma_2.0.json
IEEE_CIS_FRAUD,final_latest,poison_test,all_client_positions,0,12398,5954.61,87990.4,0.000318247,81.6371,2755.82,9853.51,106319,7.59775e+06,latest_checkpoint.pth.tar,configs/avguard/stage3_gamma_sensitivity_3clients_noema/IEEE_CIS_FRAUD_3clients_noema_gamma_2.0.json
IEEE_CIS_FRAUD,final_latest,poison_test,remaining_client_positions,0,7932,4659.35,32128.1,0.000318247,88.8424,3139.02,11052.6,106159,690262,latest_checkpoint.pth.tar,configs/avguard/stage3_gamma_sensitivity_3clients_noema/IEEE_CIS_FRAUD_3clients_noema_gamma_2.0.json
IEEE_CIS_FRAUD,final_latest,poison_test,all_client_positions,1,12398,179.773,723.296,0.00321984,23.1266,206.539,856.394,3394.9,21573.5,latest_checkpoint.pth.tar,configs/avguard/stage3_gamma_sensitivity_3clients_noema/IEEE_CIS_FRAUD_3clients_noema_gamma_2.0.json
IEEE_CIS_FRAUD,final_latest,poison_test,remaining_client_positions,1,8962,48.4558,134.654,0.00652744,23.1266,132.753,188.121,436.157,3579.45,latest_checkpoint.pth.tar,configs/avguard/stage3_gamma_sensitivity_3clients_noema/IEEE_CIS_FRAUD_3clients_noema_gamma_2.0.json
IEEE_CIS_FRAUD,final_latest,poison_test,all_client_positions,2,12398,31371.8,37159.9,0.000255171,20590.1,64033.8,86316.5,132560,922305,latest_checkpoint.pth.tar,configs/avguard/stage3_gamma_sensitivity_3clients_noema/IEEE_CIS_FRAUD_3clients_noema_gamma_2.0.json
IEEE_CIS_FRAUD,final_latest,poison_test,remaining_client_positions,2,1306,3168.55,15543.4,0.000718762,11.902,166.447,13072,81766.1,172153,latest_checkpoint.pth.tar,configs/avguard/stage3_gamma_sensitivity_3clients_noema/IEEE_CIS_FRAUD_3clients_noema_gamma_2.0.json
IEEE_CIS_FRAUD,best_checkpoint,clean_test,all_client_positions,all,37194,2442.4,77829.9,0.000116012,25.0788,767.876,2547.56,33039.2,1.07466e+07,best_checkpoint.pth.tar,configs/avguard/stage3_gamma_sensitivity_3clients_noema/IEEE_CIS_FRAUD_3clients_noema_gamma_2.0.json
IEEE_CIS_FRAUD,best_checkpoint,clean_test,remaining_client_positions,all,4677,187.762,4298.98,0.000677901,4.14744,38.6492,70.58,286.891,137475,best_checkpoint.pth.tar,configs/avguard/stage3_gamma_sensitivity_3clients_noema/IEEE_CIS_FRAUD_3clients_noema_gamma_2.0.json
IEEE_CIS_FRAUD,best_checkpoint,clean_test,all_client_positions,0,12398,6084.04,134339,0.000677901,88.0504,2788.16,10249.9,101536,1.07466e+07,best_checkpoint.pth.tar,configs/avguard/stage3_gamma_sensitivity_3clients_noema/IEEE_CIS_FRAUD_3clients_noema_gamma_2.0.json
IEEE_CIS_FRAUD,best_checkpoint,clean_test,remaining_client_positions,0,593,380.575,4276.76,0.000677901,1.7387,16.3963,51.869,5083.94,74394.7,best_checkpoint.pth.tar,configs/avguard/stage3_gamma_sensitivity_3clients_noema/IEEE_CIS_FRAUD_3clients_noema_gamma_2.0.json
IEEE_CIS_FRAUD,best_checkpoint,clean_test,all_client_positions,1,12398,178.381,726.832,0.000338464,25.0788,234.108,860.558,3240.28,20716.7,best_checkpoint.pth.tar,configs/avguard/stage3_gamma_sensitivity_3clients_noema/IEEE_CIS_FRAUD_3clients_noema_gamma_2.0.json
IEEE_CIS_FRAUD,best_checkpoint,clean_test,remaining_client_positions,1,1963,30.7339,153.674,0.00298052,6.28073,36.172,77.378,260.022,3035.52,best_checkpoint.pth.tar,configs/avguard/stage3_gamma_sensitivity_3clients_noema/IEEE_CIS_FRAUD_3clients_noema_gamma_2.0.json
IEEE_CIS_FRAUD,best_checkpoint,clean_test,all_client_positions,2,12398,1064.79,10232.4,0.000116012,23.1628,79.1095,733.04,15215.5,137475,best_checkpoint.pth.tar,configs/avguard/stage3_gamma_sensitivity_3clients_noema/IEEE_CIS_FRAUD_3clients_noema_gamma_2.0.json
IEEE_CIS_FRAUD,best_checkpoint,clean_test,remaining_client_positions,2,2121,279.184,5964.52,0.000823044,4.67455,43.9446,69.9982,204.217,137475,best_checkpoint.pth.tar,configs/avguard/stage3_gamma_sensitivity_3clients_noema/IEEE_CIS_FRAUD_3clients_noema_gamma_2.0.json
IEEE_CIS_FRAUD,best_checkpoint,poison_test,all_client_positions,all,37194,9611.59,79669.7,0.000338464,69.4125,34408.9,37482.9,97725.7,1.07466e+07,best_checkpoint.pth.tar,configs/avguard/stage3_gamma_sensitivity_3clients_noema/IEEE_CIS_FRAUD_3clients_noema_gamma_2.0.json
IEEE_CIS_FRAUD,best_checkpoint,poison_test,remaining_client_positions,all,18193,2036.21,19083.3,0.000338464,25.0788,701.925,2841.28,39277.5,679976,best_checkpoint.pth.tar,configs/avguard/stage3_gamma_sensitivity_3clients_noema/IEEE_CIS_FRAUD_3clients_noema_gamma_2.0.json
IEEE_CIS_FRAUD,best_checkpoint,poison_test,all_client_positions,0,12398,6084.04,134339,0.000677901,88.0504,2788.16,10249.9,101536,1.07466e+07,best_checkpoint.pth.tar,configs/avguard/stage3_gamma_sensitivity_3clients_noema/IEEE_CIS_FRAUD_3clients_noema_gamma_2.0.json
IEEE_CIS_FRAUD,best_checkpoint,poison_test,remaining_client_positions,0,7975,4260.36,28316.3,0.000677901,96.7488,3147.83,11190.2,99489.8,679976,best_checkpoint.pth.tar,configs/avguard/stage3_gamma_sensitivity_3clients_noema/IEEE_CIS_FRAUD_3clients_noema_gamma_2.0.json
IEEE_CIS_FRAUD,best_checkpoint,poison_test,all_client_positions,1,12398,178.381,726.832,0.000338464,25.0788,234.108,860.558,3240.28,20716.7,best_checkpoint.pth.tar,configs/avguard/stage3_gamma_sensitivity_3clients_noema/IEEE_CIS_FRAUD_3clients_noema_gamma_2.0.json
IEEE_CIS_FRAUD,best_checkpoint,poison_test,remaining_client_positions,1,8985,53.5118,147.194,0.000338464,25.0788,147.861,230.584,469.912,4894.2,best_checkpoint.pth.tar,configs/avguard/stage3_gamma_sensitivity_3clients_noema/IEEE_CIS_FRAUD_3clients_noema_gamma_2.0.json
IEEE_CIS_FRAUD,best_checkpoint,poison_test,all_client_positions,2,12398,22572.3,26923.5,0.000823044,20945,38164.1,66424.7,120668,629299,best_checkpoint.pth.tar,configs/avguard/stage3_gamma_sensitivity_3clients_noema/IEEE_CIS_FRAUD_3clients_noema_gamma_2.0.json
IEEE_CIS_FRAUD,best_checkpoint,poison_test,remaining_client_positions,2,1233,2098.64,11248.5,0.000823044,9.31442,72.0398,6668.67,37482.9,137475,best_checkpoint.pth.tar,configs/avguard/stage3_gamma_sensitivity_3clients_noema/IEEE_CIS_FRAUD_3clients_noema_gamma_2.0.json
NUSWIDE,final_latest,clean_test,all_client_positions,all,140079,169.052,274.882,0.000189291,37.9033,606.382,886.309,1068.9,2316.29,latest_checkpoint.pth.tar,configs/avguard/stage3_gamma_sensitivity_3clients_noema/NUSWIDE_3clients_noema_gamma_2.0.json
NUSWIDE,final_latest,clean_test,remaining_client_positions,all,31459,22.6294,72.1375,0.000189291,2.9279,55.1217,104.499,324.66,1677.81,latest_checkpoint.pth.tar,configs/avguard/stage3_gamma_sensitivity_3clients_noema/NUSWIDE_3clients_noema_gamma_2.0.json
NUSWIDE,final_latest,clean_test,all_client_positions,0,46693,419.275,348.975,0.000390008,378.271,956.603,1030.13,1118.86,1258.27,latest_checkpoint.pth.tar,configs/avguard/stage3_gamma_sensitivity_3clients_noema/NUSWIDE_3clients_noema_gamma_2.0.json
NUSWIDE,final_latest,clean_test,remaining_client_positions,0,5179,58.0867,144.985,0.000390008,5.44375,177.898,319.053,813.887,1195.1,latest_checkpoint.pth.tar,configs/avguard/stage3_gamma_sensitivity_3clients_noema/NUSWIDE_3clients_noema_gamma_2.0.json
NUSWIDE,final_latest,clean_test,all_client_positions,1,46693,38.6473,78.8609,0.000189291,14.2482,86.2645,128.318,302.117,2316.29,latest_checkpoint.pth.tar,configs/avguard/stage3_gamma_sensitivity_3clients_noema/NUSWIDE_3clients_noema_gamma_2.0.json
NUSWIDE,final_latest,clean_test,remaining_client_positions,1,13097,14.9196,45.5415,0.000189291,2.49365,41.4728,68.4183,153.948,1677.81,latest_checkpoint.pth.tar,configs/avguard/stage3_gamma_sensitivity_3clients_noema/NUSWIDE_3clients_noema_gamma_2.0.json
NUSWIDE,final_latest,clean_test,all_client_positions,2,46693,49.2348,68.5903,0.000243964,15.2797,136.043,188.944,301.003,939.431,latest_checkpoint.pth.tar,configs/avguard/stage3_gamma_sensitivity_3clients_noema/NUSWIDE_3clients_noema_gamma_2.0.json
NUSWIDE,final_latest,clean_test,remaining_client_positions,2,13183,16.3594,38.8227,0.000243964,2.61214,46.5703,90.5095,195.203,705.071,latest_checkpoint.pth.tar,configs/avguard/stage3_gamma_sensitivity_3clients_noema/NUSWIDE_3clients_noema_gamma_2.0.json
NUSWIDE,final_latest,poison_test,all_client_positions,all,140079,155.706,279.01,3.74191e-07,10.095,605.952,886.306,1068.9,2316.29,latest_checkpoint.pth.tar,configs/avguard/stage3_gamma_sensitivity_3clients_noema/NUSWIDE_3clients_noema_gamma_2.0.json
NUSWIDE,final_latest,poison_test,remaining_client_positions,all,53448,12.124,59.4168,3.74191e-07,0.847956,16.3532,52.265,249.991,1677.81,latest_checkpoint.pth.tar,configs/avguard/stage3_gamma_sensitivity_3clients_noema/NUSWIDE_3clients_noema_gamma_2.0.json
NUSWIDE,final_latest,poison_test,all_client_positions,0,46693,419.275,348.975,0.000390008,378.271,956.603,1030.13,1118.86,1258.27,latest_checkpoint.pth.tar,configs/avguard/stage3_gamma_sensitivity_3clients_noema/NUSWIDE_3clients_noema_gamma_2.0.json
NUSWIDE,final_latest,poison_test,remaining_client_positions,0,5472,65.9648,158.743,0.000390008,5.44375,213.968,402.486,845.396,1195.1,latest_checkpoint.pth.tar,configs/avguard/stage3_gamma_sensitivity_3clients_noema/NUSWIDE_3clients_noema_gamma_2.0.json
NUSWIDE,final_latest,poison_test,all_client_positions,1,46693,38.6473,78.8609,0.000189291,14.2482,86.2645,128.318,302.117,2316.29,latest_checkpoint.pth.tar,configs/avguard/stage3_gamma_sensitivity_3clients_noema/NUSWIDE_3clients_noema_gamma_2.0.json
NUSWIDE,final_latest,poison_test,remaining_client_positions,1,14001,15.1668,42.7939,0.000189291,2.71028,45.42,69.7106,140.883,1677.81,latest_checkpoint.pth.tar,configs/avguard/stage3_gamma_sensitivity_3clients_noema/NUSWIDE_3clients_noema_gamma_2.0.json
NUSWIDE,final_latest,poison_test,all_client_positions,2,46693,9.19525,30.0255,3.74191e-07,0.784444,15.156,70.6992,159.626,705.071,latest_checkpoint.pth.tar,configs/avguard/stage3_gamma_sensitivity_3clients_noema/NUSWIDE_3clients_noema_gamma_2.0.json
NUSWIDE,final_latest,poison_test,remaining_client_positions,2,33975,2.19842,13.0894,3.74191e-07,0.729869,1.27856,2.72296,43.5007,705.071,latest_checkpoint.pth.tar,configs/avguard/stage3_gamma_sensitivity_3clients_noema/NUSWIDE_3clients_noema_gamma_2.0.json
NUSWIDE,best_checkpoint,clean_test,all_client_positions,all,140079,29.6102,40.0444,7.93125e-06,12.2162,82.0465,109.372,182.69,843.963,best_checkpoint.pth.tar,configs/avguard/stage3_gamma_sensitivity_3clients_noema/NUSWIDE_3clients_noema_gamma_2.0.json
NUSWIDE,best_checkpoint,clean_test,remaining_client_positions,all,31974,6.85967,15.7688,7.93125e-06,1.66602,18.0214,32.8895,74.2656,454.348,best_checkpoint.pth.tar,configs/avguard/stage3_gamma_sensitivity_3clients_noema/NUSWIDE_3clients_noema_gamma_2.0.json
NUSWIDE,best_checkpoint,clean_test,all_client_positions,0,46693,52.1091,51.5458,0.000255193,40.6851,120.817,152.544,217.041,312.586,best_checkpoint.pth.tar,configs/avguard/stage3_gamma_sensitivity_3clients_noema/NUSWIDE_3clients_noema_gamma_2.0.json
NUSWIDE,best_checkpoint,clean_test,remaining_client_positions,0,5766,6.84254,17.2959,0.000257601,1.85838,14.2983,29.6388,90.2487,258.5,best_checkpoint.pth.tar,configs/avguard/stage3_gamma_sensitivity_3clients_noema/NUSWIDE_3clients_noema_gamma_2.0.json
NUSWIDE,best_checkpoint,clean_test,all_client_positions,1,46693,14.105,19.3633,2.8786e-05,5.56073,37.836,49.1371,87.0985,244.369,best_checkpoint.pth.tar,configs/avguard/stage3_gamma_sensitivity_3clients_noema/NUSWIDE_3clients_noema_gamma_2.0.json
NUSWIDE,best_checkpoint,clean_test,remaining_client_positions,1,12787,4.6889,9.21154,0.000263813,1.30254,12.9082,24.0854,43.4061,177.454,best_checkpoint.pth.tar,configs/avguard/stage3_gamma_sensitivity_3clients_noema/NUSWIDE_3clients_noema_gamma_2.0.json
NUSWIDE,best_checkpoint,clean_test,all_client_positions,2,46693,22.6164,31.3564,7.93125e-06,9.79646,59.5229,77.8769,136.885,843.963,best_checkpoint.pth.tar,configs/avguard/stage3_gamma_sensitivity_3clients_noema/NUSWIDE_3clients_noema_gamma_2.0.json
NUSWIDE,best_checkpoint,clean_test,remaining_client_positions,2,13421,8.93526,19.3449,7.93125e-06,2.1053,24.9368,43.4797,88.3625,454.348,best_checkpoint.pth.tar,configs/avguard/stage3_gamma_sensitivity_3clients_noema/NUSWIDE_3clients_noema_gamma_2.0.json
NUSWIDE,best_checkpoint,poison_test,all_client_positions,all,140079,29.1089,37.0157,2.8786e-05,16.9239,78.0899,104.726,177.306,327.246,best_checkpoint.pth.tar,configs/avguard/stage3_gamma_sensitivity_3clients_noema/NUSWIDE_3clients_noema_gamma_2.0.json
NUSWIDE,best_checkpoint,poison_test,remaining_client_positions,all,57596,15.753,19.7071,5.07072e-05,13.3224,32.0567,43.0832,97.4686,327.246,best_checkpoint.pth.tar,configs/avguard/stage3_gamma_sensitivity_3clients_noema/NUSWIDE_3clients_noema_gamma_2.0.json
NUSWIDE,best_checkpoint,poison_test,all_client_positions,0,46693,52.1091,51.5458,0.000255193,40.6851,120.817,152.544,217.041,312.586,best_checkpoint.pth.tar,configs/avguard/stage3_gamma_sensitivity_3clients_noema/NUSWIDE_3clients_noema_gamma_2.0.json
NUSWIDE,best_checkpoint,poison_test,remaining_client_positions,0,10731,17.5823,34.2958,0.000511303,4.55107,57.6364,92.0708,170.303,291.19,best_checkpoint.pth.tar,configs/avguard/stage3_gamma_sensitivity_3clients_noema/NUSWIDE_3clients_noema_gamma_2.0.json
NUSWIDE,best_checkpoint,poison_test,all_client_positions,1,46693,14.105,19.3633,2.8786e-05,5.56073,37.836,49.1371,87.0985,244.369,best_checkpoint.pth.tar,configs/avguard/stage3_gamma_sensitivity_3clients_noema/NUSWIDE_3clients_noema_gamma_2.0.json
NUSWIDE,best_checkpoint,poison_test,remaining_client_positions,1,17003,7.44767,14.1031,5.07072e-05,1.90942,23.769,34.5563,56.4,229.719,best_checkpoint.pth.tar,configs/avguard/stage3_gamma_sensitivity_3clients_noema/NUSWIDE_3clients_noema_gamma_2.0.json
NUSWIDE,best_checkpoint,poison_test,all_client_positions,2,46693,21.1127,16.1402,8.90223e-05,17.9692,36.1155,46.9504,87.8814,327.246,best_checkpoint.pth.tar,configs/avguard/stage3_gamma_sensitivity_3clients_noema/NUSWIDE_3clients_noema_gamma_2.0.json
NUSWIDE,best_checkpoint,poison_test,remaining_client_positions,2,29862,19.8245,12.4936,8.90223e-05,17.75,32.2817,39.5002,64.051,327.246,best_checkpoint.pth.tar,configs/avguard/stage3_gamma_sensitivity_3clients_noema/NUSWIDE_3clients_noema_gamma_2.0.json
